{
  "ents_f": 70.6506364922,
  "ents_p": 72.2865412446,
  "ents_r": 69.0871369295,
  "las": 77.3226476699,
  "tags_acc": 90.9670099494,
  "token_acc": 100.0,
  "uas": 83.4372217275
}