{
  "ents_f": 70.9956709957,
  "ents_p": 73.2142857143,
  "ents_r": 68.9075630252,
  "las": 80.4296958094,
  "tags_acc": 94.6088288806,
  "token_acc": 100.0,
  "uas": 84.1523080196
}